[
  {
    "name": "Afghanistan",
    "iso2": "AF"
  },
  {
    "name": "Albania",
    "iso2": "AL"
  },
  {
    "name": "Algeria",
    "iso2": "DZ"
  },
  {
    "name": "Andorra",
    "iso2": "AD"
  },
  {
    "name": "Angola",
    "iso2": "AO"
  },
  {
    "name": "Argentina",
    "iso2": "AR"
  },
  {
    "name": "Armenia",
    "iso2": "AM"
  },
  {
    "name": "Australia",
    "iso2": "AU"
  },
  {
    "name": "Austria",
    "iso2": "AT"
  },
  {
    "name": "Azerbaijan",
    "iso2": "AZ"
  },
  {
    "name": "Bahamas",
    "iso2": "BS"
  },
  {
    "name": "Bahrain",
    "iso2": "BH"
  },
  {
    "name": "Bangladesh",
    "iso2": "BD"
  },
  {
    "name": "Barbados",
    "iso2": "BB"
  },
  {
    "name": "Belarus",
    "iso2": "BY"
  },
  {
    "name": "Belgium",
    "iso2": "BE"
  },
  {
    "name": "Belize",
    "iso2": "BZ"
  },
  {
    "name": "Benin",
    "iso2": "BJ"
  },
  {
    "name": "Bhutan",
    "iso2": "BT"
  },
  {
    "name": "Bolivia",
    "iso2": "BO"
  },
  {
    "name": "Bosnia and Herzegovina",
    "iso2": "BA"
  },
  {
    "name": "Botswana",
    "iso2": "BW"
  },
  {
    "name": "Brazil",
    "iso2": "BR"
  },
  {
    "name": "Brunei",
    "iso2": "BN"
  },
  {
    "name": "Bulgaria",
    "iso2": "BG"
  },
  {
    "name": "Burkina Faso",
    "iso2": "BF"
  },
  {
    "name": "Burundi",
    "iso2": "BI"
  },
  {
    "name": "Cambodia",
    "iso2": "KH"
  },
  {
    "name": "Cameroon",
    "iso2": "CM"
  },
  {
    "name": "Canada",
    "iso2": "CA"
  },
  {
    "name": "Cape Verde",
    "iso2": "CV"
  },
  {
    "name": "Central African Republic",
    "iso2": "CF"
  },
  {
    "name": "Chad",
    "iso2": "TD"
  },
  {
    "name": "Chile",
    "iso2": "CL"
  },
  {
    "name": "China",
    "iso2": "CN"
  },
  {
    "name": "Colombia",
    "iso2": "CO"
  },
  {
    "name": "Comoros",
    "iso2": "KM"
  },
  {
    "name": "Congo",
    "iso2": "CG"
  },
  {
    "name": "Costa Rica",
    "iso2": "CR"
  },
  {
    "name": "Croatia",
    "iso2": "HR"
  },
  {
    "name": "Cuba",
    "iso2": "CU"
  },
  {
    "name": "Cyprus",
    "iso2": "CY"
  },
  {
    "name": "Czech Republic",
    "iso2": "CZ"
  },
  {
    "name": "Denmark",
    "iso2": "DK"
  },
  {
    "name": "Djibouti",
    "iso2": "DJ"
  },
  {
    "name": "Dominica",
    "iso2": "DM"
  },
  {
    "name": "Dominican Republic",
    "iso2": "DO"
  },
  {
    "name": "Ecuador",
    "iso2": "EC"
  },
  {
    "name": "Egypt",
    "iso2": "EG"
  },
  {
    "name": "El Salvador",
    "iso2": "SV"
  },
  {
    "name": "Equatorial Guinea",
    "iso2": "GQ"
  },
  {
    "name": "Eritrea",
    "iso2": "ER"
  },
  {
    "name": "Estonia",
    "iso2": "EE"
  },
  {
    "name": "Eswatini",
    "iso2": "SZ"
  },
  {
    "name": "Ethiopia",
    "iso2": "ET"
  },
  {
    "name": "Fiji",
    "iso2": "FJ"
  },
  {
    "name": "Finland",
    "iso2": "FI"
  },
  {
    "name": "France",
    "iso2": "FR"
  },
  {
    "name": "Gabon",
    "iso2": "GA"
  },
  {
    "name": "Gambia",
    "iso2": "GM"
  },
  {
    "name": "Georgia",
    "iso2": "GE"
  },
  {
    "name": "Germany",
    "iso2": "DE"
  },
  {
    "name": "Ghana",
    "iso2": "GH"
  },
  {
    "name": "Greece",
    "iso2": "GR"
  },
  {
    "name": "Grenada",
    "iso2": "GD"
  },
  {
    "name": "Guatemala",
    "iso2": "GT"
  },
  {
    "name": "Guinea",
    "iso2": "GN"
  },
  {
    "name": "Guyana",
    "iso2": "GY"
  },
  {
    "name": "Haiti",
    "iso2": "HT"
  },
  {
    "name": "Honduras",
    "iso2": "HN"
  },
  {
    "name": "Hungary",
    "iso2": "HU"
  },
  {
    "name": "Iceland",
    "iso2": "IS"
  },
  {
    "name": "India",
    "iso2": "IN"
  },
  {
    "name": "Indonesia",
    "iso2": "ID"
  },
  {
    "name": "Iran",
    "iso2": "IR"
  },
  {
    "name": "Iraq",
    "iso2": "IQ"
  },
  {
    "name": "Ireland",
    "iso2": "IE"
  },
  {
    "name": "Israel",
    "iso2": "IL"
  },
  {
    "name": "Italy",
    "iso2": "IT"
  }
]